4.210052e-06	2.866290e+07	1.045570e+05
5.300161e-06	2.885280e+07	1.430120e+05
6.672470e-06	2.861580e+07	2.402240e+05
8.400149e-06	2.905920e+07	7.021180e+04
8.870837e-06	2.845090e+07	1.260450e+05
1.057519e-05	2.881940e+07	9.792780e+03
1.116776e-05	2.806080e+07	4.681800e+04
1.331336e-05	2.878930e+07	1.053710e+05
1.405930e-05	2.857910e+07	-4.081630e+04
1.676051e-05	2.865150e+07	7.912920e+04
1.769963e-05	2.834490e+07	1.731060e+05
2.110028e-05	2.879830e+07	2.128980e+05
2.228257e-05	2.818520e+07	8.120730e+04
2.656366e-05	2.880120e+07	1.827580e+05
2.805207e-05	2.828800e+07	1.756280e+05
2.892457e-05	2.831830e+07	2.658690e+05
3.344167e-05	2.863460e+07	2.708870e+05
3.531542e-05	2.804140e+07	3.381120e+05
3.641401e-05	2.837950e+07	2.137430e+05
4.210052e-05	2.885160e+07	1.668220e+05
4.445957e-05	2.815000e+07	1.465770e+05
4.584227e-05	2.810070e+07	-7.411280e+04
5.300161e-05	2.875390e+07	1.754490e+05
5.597126e-05	2.812670e+07	2.528080e+05
5.771204e-05	2.793170e+07	1.730940e+05
6.672470e-05	2.895480e+07	2.447910e+05
7.046363e-05	2.827830e+07	2.075900e+05
7.265535e-05	2.817820e+07	4.139200e+05
8.400149e-05	2.864580e+07	1.415150e+05
8.870837e-05	2.813180e+07	2.314960e+05
9.146760e-05	2.801280e+07	2.123660e+05
1.057519e-04	2.877380e+07	3.359490e+05
1.116776e-04	2.816310e+07	2.519240e+05
1.151508e-04	2.813750e+07	1.513090e+05
1.267513e-04	2.784160e+07	1.576400e+05
1.331336e-04	2.883820e+07	2.279970e+05
1.405930e-04	2.817750e+07	1.623100e+05
1.449665e-04	2.819980e+07	3.215260e+05
1.595710e-04	2.772200e+07	1.937560e+05
1.676051e-04	2.889620e+07	4.571280e+05
1.769963e-04	2.836500e+07	3.631040e+05
1.825019e-04	2.823800e+07	3.000840e+05
2.008868e-04	2.759830e+07	4.710030e+05
2.110028e-04	2.878990e+07	3.821480e+05
2.228257e-04	2.816650e+07	4.637120e+05
2.297563e-04	2.816950e+07	3.297660e+05
2.529017e-04	2.765380e+07	5.274570e+05
2.656366e-04	2.928150e+07	1.911590e+05
2.805207e-04	2.830460e+07	3.666520e+05
2.892457e-04	2.818730e+07	3.334210e+05
3.183852e-04	2.777850e+07	4.052980e+05
3.344167e-04	2.891370e+07	2.445530e+05
3.531542e-04	2.833580e+07	5.440540e+05
3.641401e-04	2.821590e+07	3.721620e+05
4.008230e-04	2.788630e+07	6.241090e+05
4.210052e-04	2.892270e+07	5.455490e+05
4.445957e-04	2.848560e+07	6.829680e+05
4.584227e-04	2.810950e+07	4.532090e+05
5.046057e-04	2.776030e+07	4.979120e+05
5.300161e-04	2.903610e+07	6.007010e+05
5.597126e-04	2.851530e+07	7.285650e+05
5.771204e-04	2.815600e+07	6.032540e+05
6.352621e-04	2.782620e+07	5.939390e+05
6.672470e-04	2.909930e+07	8.584490e+05
7.046363e-04	2.818540e+07	8.315000e+05
7.265535e-04	2.823660e+07	5.353480e+05
7.997473e-04	2.782170e+07	6.803240e+05
8.400149e-04	2.915730e+07	8.867060e+05
8.846072e-04	2.840920e+07	6.452690e+05
8.870837e-04	2.842280e+07	7.890720e+05
9.146760e-04	2.826090e+07	9.261860e+05
1.006822e-03	2.787360e+07	8.403790e+05
1.057519e-03	2.934780e+07	9.015640e+05
1.113659e-03	2.851230e+07	8.492950e+05
1.116776e-03	2.846060e+07	9.195210e+05
1.151508e-03	2.844670e+07	8.891920e+05
1.267513e-03	2.760070e+07	1.061860e+06
1.331336e-03	2.943460e+07	1.005160e+06
1.402005e-03	2.843340e+07	9.871120e+05
1.405930e-03	2.853750e+07	1.143350e+06
1.449665e-03	2.829160e+07	1.286080e+06
1.595710e-03	2.774150e+07	1.182140e+06
1.676051e-03	2.935190e+07	1.140470e+06
1.765021e-03	2.856140e+07	1.349380e+06
1.769963e-03	2.859250e+07	1.366360e+06
1.825019e-03	2.859140e+07	1.535260e+06
2.008868e-03	2.780870e+07	1.377580e+06
2.110028e-03	2.940530e+07	1.306530e+06
2.222036e-03	2.843600e+07	1.459260e+06
2.228257e-03	2.875030e+07	1.627620e+06
2.297563e-03	2.840660e+07	1.423740e+06
2.529017e-03	2.800000e+07	1.720900e+06
2.656366e-03	2.908050e+07	1.723380e+06
2.797376e-03	2.864430e+07	1.904290e+06
2.805207e-03	2.891100e+07	2.055300e+06
2.892457e-03	2.863450e+07	2.113490e+06
3.183852e-03	2.805090e+07	2.109140e+06
3.344167e-03	2.905390e+07	2.134610e+06
3.521683e-03	2.877450e+07	2.396540e+06
3.531542e-03	2.886700e+07	2.325480e+06
3.641401e-03	2.867600e+07	2.348810e+06
4.008230e-03	2.828440e+07	2.543650e+06
4.210052e-03	2.911790e+07	2.519980e+06
4.433545e-03	2.904320e+07	2.863850e+06
4.445957e-03	2.903590e+07	2.650600e+06
4.584227e-03	2.878130e+07	2.830340e+06
5.046057e-03	2.832820e+07	3.002790e+06
5.581500e-03	2.907840e+07	3.339410e+06
5.597126e-03	2.872830e+07	3.209800e+06
5.771204e-03	2.920250e+07	3.414200e+06
6.352621e-03	2.826830e+07	3.792670e+06
7.026692e-03	2.943030e+07	4.089450e+06
7.046363e-03	2.891080e+07	4.055420e+06
7.265535e-03	2.949390e+07	4.022390e+06
7.997473e-03	2.889580e+07	4.384650e+06
8.846072e-03	2.983530e+07	4.884010e+06
8.870837e-03	2.907980e+07	4.789600e+06
9.146760e-03	2.970480e+07	4.864510e+06
1.000000e-02	3.111540e+07	5.950200e+06
1.006822e-02	2.919490e+07	5.512760e+06
1.113659e-02	3.009160e+07	5.745730e+06
1.151508e-02	2.998950e+07	5.621820e+06
1.258930e-02	3.201010e+07	6.909360e+06
1.267513e-02	2.967710e+07	6.397730e+06
1.402005e-02	3.059600e+07	6.811100e+06
1.449665e-02	3.051510e+07	6.719170e+06
1.584890e-02	3.254110e+07	7.982950e+06
1.595710e-02	3.016100e+07	7.607640e+06
1.765021e-02	3.130850e+07	8.236720e+06
1.825019e-02	3.061430e+07	8.193010e+06
1.995260e-02	3.360640e+07	9.324650e+06
2.008868e-02	3.083270e+07	9.115820e+06
2.222036e-02	3.215120e+07	9.443380e+06
2.297563e-02	3.125160e+07	9.929610e+06
2.511890e-02	3.432490e+07	1.095070e+07
2.529017e-02	3.158020e+07	1.072780e+07
2.797376e-02	3.312280e+07	1.116170e+07
2.892457e-02	3.202530e+07	1.176580e+07
3.162280e-02	3.554620e+07	1.264130e+07
3.183852e-02	3.267890e+07	1.247510e+07
3.521683e-02	3.425290e+07	1.303930e+07
3.981070e-02	3.701830e+07	1.464820e+07
4.008230e-02	3.390080e+07	1.490260e+07
4.433545e-02	3.551060e+07	1.543170e+07
5.011880e-02	3.862480e+07	1.688350e+07
5.046057e-02	3.516260e+07	1.747290e+07
5.581500e-02	3.717620e+07	1.819020e+07
6.309580e-02	4.034920e+07	1.925900e+07
6.352621e-02	3.708390e+07	2.034430e+07
7.026692e-02	3.893680e+07	2.071080e+07
7.943290e-02	4.234570e+07	2.222950e+07
7.997473e-02	3.864110e+07	2.400130e+07
8.846072e-02	4.117160e+07	2.441050e+07
1.000000e-01	4.480540e+07	2.552990e+07
1.006822e-01	4.126520e+07	2.805530e+07
1.113659e-01	4.370960e+07	2.846200e+07
1.258930e-01	4.760150e+07	2.940340e+07
1.267513e-01	4.416100e+07	3.288750e+07
1.402005e-01	4.681590e+07	3.300930e+07
1.584890e-01	5.093860e+07	3.408660e+07
1.765021e-01	5.057910e+07	3.825600e+07
1.995260e-01	5.435610e+07	3.888440e+07
2.035872e-01	5.862790e+07	3.968760e+07
2.222036e-01	5.496370e+07	4.406120e+07
2.511890e-01	5.909980e+07	4.495550e+07
2.563021e-01	6.342600e+07	4.530970e+07
2.797376e-01	6.041650e+07	5.073800e+07
3.162280e-01	6.465430e+07	5.167160e+07
3.226634e-01	6.883660e+07	5.161480e+07
3.521683e-01	6.672060e+07	5.896720e+07
3.981070e-01	7.123230e+07	5.936310e+07
4.062095e-01	7.559880e+07	5.829260e+07
4.433545e-01	7.416100e+07	6.644220e+07
5.011880e-01	7.867710e+07	6.738170e+07
5.113888e-01	8.283410e+07	6.660070e+07
5.581500e-01	8.224360e+07	7.559160e+07
6.309580e-01	8.765840e+07	7.639850e+07
6.437999e-01	9.220340e+07	7.457610e+07
7.026692e-01	9.288310e+07	8.550480e+07
7.943290e-01	9.837350e+07	8.537860e+07
8.104951e-01	1.018810e+08	8.444220e+07
8.846072e-01	1.055940e+08	9.680680e+07
1.000000e+00	1.109090e+08	9.636050e+07
1.020355e+00	1.148450e+08	9.421770e+07
1.258930e+00	1.249060e+08	1.068810e+08
1.284550e+00	1.277600e+08	1.043890e+08
1.584890e+00	1.408970e+08	1.186850e+08
1.617152e+00	1.432850e+08	1.145420e+08
1.995260e+00	1.588440e+08	1.295380e+08
2.035872e+00	1.609100e+08	1.255200e+08
2.511890e+00	1.796480e+08	1.408930e+08
2.563021e+00	1.806920e+08	1.359960e+08
3.162280e+00	2.016920e+08	1.518200e+08
3.226634e+00	2.008970e+08	1.458310e+08
3.981070e+00	2.259560e+08	1.623880e+08
4.062095e+00	2.257710e+08	1.558220e+08
5.011880e+00	2.519350e+08	1.724240e+08
5.113888e+00	2.486400e+08	1.656950e+08
6.309580e+00	2.773530e+08	1.810780e+08
6.437999e+00	2.776380e+08	1.734840e+08
7.268213e+00	2.981160e+08	1.769530e+08
7.943290e+00	3.049890e+08	1.888790e+08
8.104951e+00	3.048970e+08	1.819300e+08
9.150172e+00	3.255880e+08	1.851540e+08
1.000000e+01	3.335470e+08	1.940160e+08
1.020355e+01	3.326140e+08	1.904870e+08
1.151932e+01	3.555530e+08	1.903300e+08
1.284550e+01	3.653530e+08	1.956200e+08
1.450198e+01	3.851320e+08	1.961670e+08
1.617152e+01	3.928660e+08	1.994330e+08
1.825695e+01	4.129640e+08	1.975120e+08
2.035872e+01	4.283710e+08	2.067490e+08
2.298413e+01	4.453360e+08	2.028240e+08
2.563021e+01	4.628360e+08	2.124280e+08
2.893527e+01	4.780070e+08	2.053550e+08
3.226634e+01	4.966820e+08	2.145130e+08
3.642741e+01	5.118520e+08	2.061460e+08
4.062095e+01	5.297240e+08	2.172450e+08
4.585937e+01	5.413810e+08	2.077390e+08
5.113888e+01	5.618550e+08	2.189880e+08
5.773353e+01	5.751970e+08	2.066700e+08
6.437999e+01	5.990990e+08	2.191840e+08
7.268213e+01	6.061150e+08	2.070060e+08
8.104951e+01	6.309170e+08	2.210470e+08
9.150172e+01	6.403160e+08	2.071650e+08
1.020355e+02	6.660590e+08	2.197830e+08
1.151932e+02	6.705650e+08	2.026120e+08
1.284550e+02	6.990620e+08	2.203300e+08
1.450198e+02	7.033230e+08	2.034110e+08
1.617152e+02	7.316140e+08	2.185510e+08
1.825695e+02	7.341120e+08	2.011840e+08
2.035872e+02	7.603670e+08	2.160640e+08
2.098206e+02	7.682310e+08	2.026890e+08
2.298413e+02	7.679410e+08	1.976350e+08
2.641495e+02	8.020250e+08	2.045660e+08
2.893527e+02	7.982920e+08	1.983660e+08
3.325426e+02	8.231500e+08	2.066380e+08
3.642741e+02	8.292380e+08	1.972440e+08
4.186467e+02	8.523870e+08	1.998410e+08
4.585937e+02	8.535750e+08	1.949040e+08
5.270463e+02	8.727230e+08	1.950390e+08
5.773353e+02	8.857520e+08	1.870530e+08
6.635116e+02	9.089400e+08	1.946160e+08
7.268213e+02	9.168930e+08	1.925950e+08
8.353106e+02	9.278750e+08	1.918260e+08
9.150172e+02	9.462980e+08	1.883670e+08
1.051596e+03	9.548990e+08	1.885810e+08
1.151932e+03	9.751160e+08	1.843690e+08
1.323880e+03	9.856850e+08	1.884540e+08
1.450198e+03	1.001880e+09	1.852270e+08
1.666666e+03	1.011520e+09	1.825190e+08
1.825695e+03	1.032520e+09	1.831950e+08
2.098206e+03	1.036500e+09	1.777170e+08
2.298413e+03	1.057400e+09	1.802030e+08
2.641495e+03	1.059750e+09	1.756810e+08
2.893527e+03	1.083150e+09	1.792520e+08
3.325426e+03	1.089690e+09	1.747820e+08
3.486348e+03	1.094170e+09	1.898830e+08
3.642741e+03	1.111740e+09	1.741760e+08
4.186467e+03	1.114900e+09	1.705490e+08
4.389069e+03	1.119240e+09	1.911020e+08
4.585937e+03	1.137950e+09	1.727280e+08
5.270463e+03	1.138900e+09	1.690020e+08
5.525479e+03	1.150360e+09	1.828020e+08
5.773353e+03	1.163790e+09	1.719100e+08
6.635116e+03	1.156250e+09	1.620780e+08
6.956171e+03	1.145930e+09	1.900120e+08
7.268213e+03	1.187900e+09	1.696810e+08
8.353106e+03	1.181350e+09	1.598810e+08
8.757324e+03	1.188530e+09	1.773810e+08
1.051596e+04	1.219970e+09	1.579310e+08
1.102481e+04	1.227200e+09	1.771560e+08
1.323880e+04	1.237750e+09	1.553460e+08
1.387940e+04	1.245200e+09	1.653130e+08
1.666666e+04	1.255720e+09	1.585060e+08
1.747316e+04	1.258190e+09	1.727990e+08
2.098206e+04	1.289910e+09	1.584930e+08
2.199739e+04	1.290300e+09	1.643920e+08
2.641495e+04	1.311890e+09	1.547010e+08
2.769308e+04	1.324920e+09	1.703420e+08
3.325426e+04	1.336720e+09	1.529430e+08
3.486348e+04	1.336070e+09	1.565500e+08
4.186467e+04	1.355660e+09	1.507130e+08
4.389069e+04	1.360820e+09	1.596600e+08
4.751234e+04	1.359960e+09	1.742160e+08
5.270463e+04	1.379800e+09	1.523520e+08
5.525479e+04	1.381900e+09	1.634700e+08
5.981472e+04	1.380310e+09	1.846180e+08
6.635116e+04	1.403990e+09	1.454500e+08
6.956171e+04	1.419580e+09	1.610250e+08
7.530184e+04	1.407110e+09	1.898080e+08
8.353106e+04	1.426060e+09	1.488870e+08
8.757324e+04	1.436250e+09	1.523740e+08
9.479948e+04	1.438640e+09	1.653880e+08
1.051596e+05	1.446490e+09	1.476050e+08
1.102481e+05	1.456500e+09	1.417490e+08
1.193458e+05	1.470800e+09	1.681850e+08
1.323880e+05	1.468510e+09	1.464890e+08
1.387940e+05	1.482990e+09	1.539620e+08
1.502473e+05	1.475920e+09	1.692240e+08
1.666666e+05	1.490990e+09	1.453330e+08
1.747316e+05	1.498570e+09	1.453570e+08
1.891500e+05	1.498170e+09	1.593520e+08
2.098206e+05	1.511540e+09	1.439800e+08
2.199739e+05	1.518730e+09	1.405640e+08
2.381262e+05	1.533510e+09	1.653380e+08
2.769308e+05	1.547160e+09	1.429950e+08
2.997829e+05	1.556170e+09	1.631700e+08
3.486348e+05	1.576150e+09	1.449830e+08
3.774043e+05	1.586480e+09	1.630920e+08
4.389069e+05	1.595580e+09	1.442270e+08
4.751234e+05	1.603890e+09	1.628640e+08
5.319842e+05	1.612330e+09	1.720040e+08
5.525479e+05	1.615710e+09	1.447300e+08
5.981472e+05	1.638970e+09	1.585470e+08
6.697308e+05	1.613370e+09	1.826750e+08
6.956171e+05	1.632340e+09	1.398630e+08
7.530184e+05	1.651680e+09	1.581090e+08
8.431364e+05	1.669900e+09	1.716520e+08
8.757324e+05	1.656100e+09	1.400160e+08
9.479948e+05	1.668510e+09	1.503310e+08
1.061447e+06	1.684380e+09	1.767800e+08
1.102481e+06	1.680150e+09	1.361600e+08
1.193458e+06	1.704490e+09	1.465240e+08
1.336286e+06	1.699730e+09	1.581710e+08
1.387940e+06	1.701910e+09	1.331270e+08
1.502473e+06	1.714090e+09	1.463530e+08
1.682283e+06	1.734270e+09	1.683940e+08
1.747316e+06	1.719440e+09	1.314060e+08
1.891500e+06	1.736030e+09	1.307340e+08
2.117866e+06	1.742490e+09	1.569150e+08
2.199739e+06	1.738630e+09	1.281020e+08
2.381262e+06	1.771550e+09	1.306500e+08
2.666241e+06	1.788160e+09	1.640130e+08
2.769308e+06	1.755520e+09	1.269160e+08
2.997829e+06	1.783070e+09	1.257060e+08
3.356597e+06	1.793050e+09	1.475800e+08
3.486348e+06	1.773810e+09	1.220970e+08
3.774043e+06	1.804310e+09	1.274270e+08
4.225704e+06	1.808860e+09	1.344540e+08
4.751234e+06	1.822740e+09	1.294350e+08
4.942992e+06	1.848580e+09	1.448440e+08
5.319842e+06	1.836450e+09	1.408700e+08
5.981472e+06	1.838030e+09	1.237390e+08
6.222880e+06	1.838700e+09	1.642510e+08
6.697308e+06	1.868150e+09	1.336570e+08
7.530184e+06	1.856560e+09	1.199090e+08
7.834098e+06	1.861250e+09	1.470680e+08
8.431364e+06	1.869020e+09	1.338450e+08
9.479948e+06	1.874550e+09	1.123210e+08
9.862553e+06	1.870060e+09	1.236760e+08
1.061447e+07	1.892380e+09	1.151800e+08
1.193458e+07	1.895750e+09	1.113680e+08
1.241625e+07	1.930780e+09	1.361810e+08
1.336286e+07	1.903760e+09	1.249090e+08
1.502473e+07	1.906490e+09	1.101530e+08
1.563112e+07	1.934210e+09	1.160610e+08
1.682283e+07	1.935240e+09	1.168680e+08
1.891500e+07	1.920660e+09	1.060680e+08
1.967840e+07	1.943970e+09	1.151340e+08
2.117866e+07	1.934320e+09	1.060580e+08
2.381262e+07	1.938470e+09	1.036210e+08
2.477368e+07	1.958520e+09	1.188420e+08
2.666241e+07	1.966970e+09	9.850900e+07
2.741793e+07	1.992480e+09	1.316880e+08
2.997829e+07	1.949620e+09	9.967620e+07
3.118820e+07	1.969350e+09	1.081370e+08
3.356597e+07	1.986560e+09	9.808730e+07
3.451726e+07	1.963770e+09	1.295040e+08
3.774043e+07	1.970460e+09	9.384910e+07
3.926362e+07	1.982710e+09	1.000710e+08
4.225704e+07	1.989920e+09	8.880390e+07
4.345440e+07	1.994020e+09	1.136060e+08
4.751234e+07	1.975850e+09	9.042050e+07
4.942992e+07	2.004560e+09	1.024630e+08
5.319842e+07	2.009810e+09	9.517320e+07
5.470590e+07	2.022270e+09	1.113080e+08
6.222880e+07	2.009150e+09	9.363340e+07
6.697308e+07	2.021370e+09	8.982010e+07
6.887083e+07	2.016910e+09	1.078280e+08
7.834098e+07	2.036440e+09	8.520730e+07
8.431364e+07	2.038580e+09	8.487520e+07
8.670318e+07	2.043650e+09	9.005570e+07
9.862553e+07	2.043050e+09	9.638260e+07
1.061447e+08	2.049020e+09	8.166390e+07
1.091527e+08	2.049110e+09	1.155170e+08
1.241625e+08	2.050510e+09	7.104790e+07
1.276731e+08	2.064190e+09	1.211660e+08
1.336286e+08	2.055570e+09	7.772120e+07
1.374154e+08	2.059210e+09	7.592170e+07
1.563112e+08	2.066180e+09	7.536890e+07
1.607315e+08	2.062640e+09	9.675000e+07
1.682283e+08	2.069400e+09	7.874440e+07
1.729956e+08	2.069000e+09	9.376370e+07
1.967840e+08	2.078200e+09	7.082760e+07
2.023478e+08	2.088650e+09	7.755620e+07
2.117866e+08	2.077250e+09	6.858500e+07
2.177886e+08	2.072470e+09	7.214380e+07
2.477368e+08	2.097670e+09	7.086760e+07
2.547411e+08	2.085380e+09	9.019900e+07
2.666241e+08	2.086960e+09	6.910760e+07
2.741793e+08	2.102200e+09	9.283290e+07
3.118820e+08	2.105170e+09	6.865210e+07
3.207008e+08	2.105580e+09	7.727510e+07
3.356597e+08	2.095810e+09	6.711830e+07
3.451726e+08	2.099540e+09	7.147880e+07
3.926362e+08	2.106100e+09	6.513390e+07
4.037381e+08	2.104140e+09	7.693930e+07
4.225704e+08	2.106650e+09	6.632250e+07
4.345440e+08	2.125140e+09	8.184870e+07
4.695090e+08	2.121280e+09	7.777870e+07
4.942992e+08	2.120900e+09	6.757210e+07
5.082756e+08	2.122700e+09	7.511510e+07
5.319842e+08	2.110090e+09	6.319290e+07
5.470590e+08	2.136070e+09	7.366380e+07
5.910790e+08	2.132550e+09	6.317330e+07
6.222880e+08	2.129490e+09	6.473520e+07
6.398823e+08	2.132860e+09	7.822420e+07
6.887083e+08	2.136540e+09	6.301620e+07
7.441202e+08	2.121290e+09	7.021330e+07
7.834098e+08	2.144070e+09	6.385330e+07
8.055637e+08	2.166870e+09	7.627440e+07
8.670318e+08	2.139930e+09	5.729340e+07
9.367926e+08	2.148490e+09	6.517420e+07
9.862553e+08	2.145480e+09	6.427350e+07
1.014145e+09	2.154120e+09	7.483410e+07
1.091527e+09	2.156670e+09	6.666030e+07
1.179355e+09	2.174730e+09	5.694350e+07
1.241625e+09	2.156820e+09	5.772590e+07
1.276731e+09	2.177500e+09	6.385860e+07
1.374154e+09	2.152270e+09	4.991520e+07
1.484719e+09	2.187620e+09	6.506230e+07
1.563112e+09	2.161270e+09	5.356240e+07
1.607315e+09	2.161500e+09	5.858540e+07
1.729956e+09	2.170670e+09	4.902310e+07
1.869148e+09	2.165420e+09	5.865910e+07
1.967840e+09	2.169710e+09	5.043840e+07
1.978263e+09	2.189610e+09	5.812930e+07
2.023478e+09	2.169190e+09	4.815000e+07
2.177886e+09	2.181840e+09	5.289960e+07
2.353123e+09	2.185070e+09	6.241530e+07
2.477368e+09	2.181910e+09	5.081570e+07
2.490495e+09	2.149170e+09	4.788780e+07
2.547411e+09	2.170540e+09	4.907700e+07
2.741793e+09	2.189540e+09	5.293430e+07
2.962405e+09	2.193260e+09	5.953580e+07
3.118820e+09	2.184890e+09	4.972410e+07
3.135330e+09	2.197540e+09	4.826690e+07
3.207008e+09	2.198350e+09	5.836120e+07
3.451726e+09	2.194030e+09	5.123410e+07
3.729446e+09	2.207000e+09	6.108170e+07
3.916738e+09	2.160830e+09	4.925830e+07
3.926362e+09	2.191220e+09	4.833460e+07
3.947150e+09	2.194880e+09	6.121450e+07
4.037381e+09	2.198000e+09	4.487640e+07
4.345440e+09	2.203290e+09	4.796980e+07
4.695090e+09	2.197520e+09	6.416120e+07
4.930899e+09	2.196550e+09	6.154300e+07
4.942992e+09	2.192990e+09	4.935000e+07
4.969180e+09	2.208450e+09	6.827650e+07
5.082756e+09	2.210560e+09	5.234810e+07
5.148477e+09	2.186180e+09	4.699510e+07
5.148480e+09	2.108590e+09	6.177420e+07
5.470590e+09	2.210380e+09	4.167340e+07
5.910790e+09	2.198340e+09	6.014020e+07
6.207599e+09	2.197310e+09	5.164270e+07
6.255822e+09	2.213750e+09	6.128040e+07
6.398823e+09	2.219020e+09	5.542090e+07
6.481573e+09	2.208830e+09	7.189250e+07
6.481576e+09	2.163220e+09	3.407650e+07
6.887083e+09	2.216640e+09	4.439410e+07
7.441202e+09	2.218040e+09	4.860240e+07
7.814911e+09	2.198230e+09	6.238390e+07
7.875605e+09	2.231420e+09	4.988780e+07
8.055637e+09	2.223280e+09	5.096290e+07
8.159770e+09	2.161520e+09	5.154580e+07
8.159775e+09	2.187940e+09	4.184620e+07
8.670318e+09	2.221790e+09	4.161010e+07
9.367926e+09	2.216150e+09	4.757960e+07
9.838416e+09	2.232860e+09	4.522640e+07
9.914818e+09	2.230110e+09	6.087540e+07
1.014145e+10	2.228620e+09	4.706770e+07
1.027255e+10	2.213170e+09	4.138560e+07
1.027256e+10	2.180800e+09	5.995900e+07
1.091527e+10	2.229710e+09	3.962620e+07
1.179355e+10	2.226890e+09	4.919950e+07
1.238582e+10	2.241120e+09	5.289700e+07
1.248201e+10	2.245330e+09	4.808290e+07
1.276731e+10	2.236360e+09	4.597340e+07
1.293241e+10	2.235550e+09	5.654130e+07
1.293242e+10	2.212660e+09	4.755790e+07
1.374154e+10	2.230220e+09	3.890690e+07
1.484719e+10	2.238890e+09	5.036130e+07
1.559281e+10	2.270990e+09	5.087470e+07
1.571392e+10	2.238520e+09	5.049510e+07
1.607315e+10	2.240030e+09	4.116820e+07
1.628093e+10	2.230270e+09	5.099190e+07
1.628094e+10	2.232880e+09	4.121140e+07
1.729956e+10	2.237910e+09	3.968980e+07
1.869148e+10	2.243300e+09	4.497350e+07
1.963022e+10	2.247710e+09	5.787020e+07
1.978263e+10	2.245370e+09	5.181780e+07
2.023478e+10	2.242790e+09	3.811420e+07
2.049645e+10	2.255840e+09	3.405920e+07
2.049646e+10	2.240480e+09	2.744210e+07
2.177886e+10	2.240430e+09	3.928540e+07
2.353123e+10	2.261770e+09	4.085280e+07
2.471297e+10	2.243590e+09	4.491020e+07
2.490495e+10	2.251330e+09	3.455580e+07
2.547411e+10	2.250870e+09	4.210520e+07
2.580355e+10	2.252780e+09	4.475450e+07
2.580356e+10	2.249740e+09	3.558790e+07
2.741793e+10	2.242830e+09	3.881920e+07
2.962405e+10	2.264580e+09	3.554970e+07
3.111179e+10	2.264960e+09	4.547780e+07
3.135330e+10	2.261490e+09	4.938150e+07
3.207008e+10	2.254110e+09	3.383830e+07
3.248473e+10	2.261250e+09	4.651420e+07
3.248475e+10	2.245520e+09	3.484550e+07
3.729446e+10	2.254940e+09	3.434570e+07
3.916738e+10	2.279200e+09	5.277200e+07
3.947150e+10	2.253610e+09	3.329250e+07
4.037381e+10	2.260600e+09	3.826900e+07
4.089585e+10	2.299540e+09	3.183060e+07
4.089587e+10	2.277240e+09	4.429580e+07
4.695090e+10	2.272670e+09	3.906210e+07
4.930899e+10	2.276780e+09	4.118630e+07
4.969180e+10	2.271100e+09	3.740570e+07
5.082756e+10	2.267550e+09	3.279950e+07
5.148477e+10	2.284320e+09	3.257910e+07
5.148480e+10	2.283120e+09	3.750640e+07
5.910790e+10	2.276120e+09	3.771630e+07
6.207599e+10	2.274850e+09	3.829490e+07
6.255822e+10	2.267290e+09	4.027070e+07
6.398823e+10	2.272500e+09	3.653950e+07
6.481573e+10	2.281450e+09	3.271870e+07
6.481576e+10	2.303690e+09	4.688810e+07
7.441202e+10	2.284150e+09	3.168360e+07
7.814911e+10	2.281490e+09	3.709330e+07
7.875605e+10	2.285150e+09	4.483430e+07
8.055637e+10	2.273460e+09	3.746830e+07
8.159770e+10	2.282830e+09	3.774260e+07
8.159775e+10	2.300200e+09	3.288010e+07
9.367926e+10	2.284940e+09	3.384800e+07
9.838416e+10	2.284690e+09	3.395440e+07
9.914818e+10	2.294130e+09	3.008450e+07
1.014145e+11	2.279160e+09	3.072370e+07
1.027255e+11	2.307250e+09	4.238470e+07
1.027256e+11	2.293920e+09	3.714760e+07
1.179355e+11	2.281650e+09	3.353580e+07
1.238582e+11	2.300000e+09	3.911320e+07
1.248201e+11	2.287890e+09	3.217000e+07
1.276731e+11	2.278640e+09	3.419320e+07
1.293241e+11	2.305030e+09	3.776290e+07
1.293242e+11	2.309880e+09	3.012380e+07
1.484719e+11	2.296440e+09	3.556090e+07
1.559281e+11	2.310020e+09	3.229200e+07
1.571392e+11	2.293810e+09	3.138670e+07
1.628093e+11	2.302210e+09	3.245340e+07
1.628094e+11	2.305330e+09	2.789800e+07
1.869148e+11	2.297020e+09	3.284240e+07
1.963022e+11	2.308380e+09	3.451770e+07
1.978263e+11	2.301670e+09	3.387140e+07
2.049645e+11	2.328270e+09	3.809460e+07
2.049646e+11	2.326390e+09	4.008950e+07
2.353123e+11	2.302200e+09	3.076320e+07
2.471297e+11	2.310540e+09	4.149900e+07
2.490495e+11	2.307730e+09	3.307180e+07
2.580355e+11	2.338530e+09	3.705270e+07
2.580356e+11	2.339050e+09	3.639300e+07
2.962405e+11	2.302730e+09	3.114860e+07
3.111179e+11	2.321820e+09	2.221300e+07
3.135330e+11	2.310100e+09	3.373020e+07
3.248473e+11	2.343890e+09	3.055240e+07
3.248475e+11	2.329220e+09	3.381210e+07
3.729446e+11	2.307880e+09	3.173820e+07
3.916738e+11	2.330450e+09	2.662310e+07
3.947150e+11	2.316200e+09	2.763980e+07
4.089585e+11	2.342920e+09	2.543780e+07
4.089587e+11	2.332790e+09	5.190520e+07
4.695090e+11	2.311570e+09	3.106970e+07
4.930899e+11	2.330260e+09	3.333420e+07
4.969180e+11	2.315870e+09	3.075470e+07
5.148477e+11	2.344140e+09	2.717420e+07
5.148480e+11	2.340150e+09	2.756640e+07
6.207599e+11	2.339830e+09	3.536800e+07
6.255822e+11	2.320070e+09	2.951220e+07
6.481573e+11	2.346490e+09	2.944650e+07
6.481576e+11	2.340570e+09	3.214370e+07
7.814911e+11	2.340040e+09	3.381040e+07
7.875605e+11	2.327130e+09	3.056400e+07
8.159770e+11	2.353150e+09	3.085960e+07
8.159775e+11	2.349740e+09	3.425580e+07
9.838416e+11	2.345800e+09	3.252810e+07
9.914818e+11	2.334840e+09	3.075200e+07
1.027255e+12	2.353360e+09	3.200050e+07
1.027256e+12	2.356650e+09	3.066980e+07
1.238582e+12	2.348500e+09	3.090210e+07
1.248201e+12	2.334580e+09	3.036340e+07
1.293241e+12	2.359340e+09	2.942150e+07
1.293242e+12	2.355200e+09	3.023400e+07
1.559281e+12	2.354430e+09	3.277160e+07
1.571392e+12	2.339890e+09	2.794620e+07
1.628093e+12	2.362570e+09	2.587690e+07
1.628094e+12	2.362410e+09	3.107550e+07
1.963022e+12	2.359050e+09	2.786800e+07
1.978263e+12	2.340830e+09	3.138900e+07
2.049645e+12	2.368660e+09	3.254400e+07
2.049646e+12	2.361230e+09	2.567200e+07
2.471297e+12	2.360500e+09	2.975490e+07
2.580355e+12	2.373620e+09	2.747220e+07
2.580356e+12	2.367790e+09	2.957500e+07
3.111179e+12	2.366080e+09	2.727140e+07
3.248473e+12	2.377560e+09	2.820150e+07
3.248475e+12	2.370500e+09	2.760840e+07
3.916738e+12	2.370910e+09	2.935970e+07
4.089585e+12	2.381160e+09	2.782570e+07
4.089587e+12	2.377230e+09	3.267840e+07
5.148477e+12	2.379570e+09	2.927180e+07
5.148480e+12	2.372720e+09	2.686650e+07
